cell_type	comparison	gene_symbol	direction	logFC	logCPM	PValue	FDR	n_control_donors	n_disease_donors	control_mean_logCPM	disease_mean_logCPM	disease_minus_control_mean_logCPM	disease_donors_consistent_vs_control_median	disease_fraction_consistent_vs_control_median	disease_donors_beyond_control_range	control_donor_values_logCPM	disease_donor_values_logCPM
Endothelial	diabetic_ED_vs_normal	HLA-DQA2	down_in_ED	-9.54303479215806	5.35100556330002	5.29281667559496e-07	0.0078254294548671	3	2	5.963470882259983	-3.175896516211089	-9.139367398471073	2	1.0	2	N1__Endothelial:6.567;N2__Endothelial:5.244;N3__Endothelial:6.080	DMED1__Endothelial:-3.369;DMED2__Endothelial:-2.983
Endothelial	non_diabetic_ED_vs_normal	CA4	up_in_ED	5.4525001055868	3.39793102683645	1.76272453480246e-06	0.0258133380876472	3	3	-1.1150512931773717	4.35271322124111	5.467764514418482	3	1.0	3	N1__Endothelial:-2.109;N2__Endothelial:-1.186;N3__Endothelial:-0.050	ED1__Endothelial:4.302;ED2__Endothelial:4.598;ED3__Endothelial:4.158
Fibroblast	diabetic_ED_vs_normal	AREG	up_in_ED	5.98996671037323	2.5003778882383	1.63003620652602e-06	0.0167886666856756	3	2	-2.243888970601424	3.6832719289653024	5.927160899566726	2	1.0	2	N1__Fibroblast:-2.903;N2__Fibroblast:-1.376;N3__Fibroblast:-2.453	DMED1__Fibroblast:4.179;DMED2__Fibroblast:3.188
Fibroblast	diabetic_ED_vs_normal	NR4A2	up_in_ED	2.76802799400572	5.33007184278938	2.25363120498907e-06	0.0167886666856756	3	2	3.5977174968972556	6.34510622313203	2.747388726234774	2	1.0	2	N1__Fibroblast:3.430;N2__Fibroblast:3.565;N3__Fibroblast:3.798	DMED1__Fibroblast:6.234;DMED2__Fibroblast:6.456
Fibroblast	diabetic_ED_vs_normal	FILIP1L	up_in_ED	3.04645473179974	8.07411643412284	3.90335707718749e-06	0.0167886666856756	3	2	6.107149510004933	9.138671750381128	3.031522240376195	2	1.0	2	N1__Fibroblast:6.151;N2__Fibroblast:6.215;N3__Fibroblast:5.956	DMED1__Fibroblast:9.061;DMED2__Fibroblast:9.216
Fibroblast	diabetic_ED_vs_normal	NR4A3	up_in_ED	5.54127524412666	4.51931614029563	4.67531589716879e-06	0.0167886666856756	3	2	0.19928791970073143	5.688161445907136	5.488873526206405	2	1.0	2	N1__Fibroblast:0.965;N2__Fibroblast:0.065;N3__Fibroblast:-0.432	DMED1__Fibroblast:5.178;DMED2__Fibroblast:6.199
Fibroblast	diabetic_ED_vs_normal	ERAP2	down_in_ED	-4.07229429713718	5.52992552838693	5.75453605359167e-06	0.0167886666856756	3	2	6.151692674997162	2.126963253466001	-4.024729421531161	2	1.0	2	N1__Fibroblast:5.494;N2__Fibroblast:6.852;N3__Fibroblast:6.110	DMED1__Fibroblast:2.139;DMED2__Fibroblast:2.114
Fibroblast	diabetic_ED_vs_normal	NCALD	up_in_ED	3.05145906901153	2.54169707890753	6.44313676052535e-06	0.0167886666856756	3	2	0.5759146805497014	3.598293794381906	3.0223791138322045	2	1.0	2	N1__Fibroblast:0.608;N2__Fibroblast:0.422;N3__Fibroblast:0.698	DMED1__Fibroblast:3.654;DMED2__Fibroblast:3.543
Fibroblast	diabetic_ED_vs_normal	DLX5	down_in_ED	-2.50962608944302	5.34195221429613	1.22768804913012e-05	0.0274195356572862	3	2	5.916681601095579	3.3863309966763833	-2.530350604419196	2	1.0	2	N1__Fibroblast:5.537;N2__Fibroblast:6.216;N3__Fibroblast:5.997	DMED1__Fibroblast:3.230;DMED2__Fibroblast:3.543
Fibroblast	diabetic_ED_vs_normal	DUSP8	up_in_ED	3.3661237870397	4.17128331676181	1.74069520132553e-05	0.0340175359719041	3	2	1.8616881553006888	5.276540278744163	3.414852123443474	2	1.0	2	N1__Fibroblast:2.322;N2__Fibroblast:2.096;N3__Fibroblast:1.167	DMED1__Fibroblast:5.240;DMED2__Fibroblast:5.313
Fibroblast	diabetic_ED_vs_normal	ZC3H12A	up_in_ED	3.14459204490105	4.084816493692	2.91000165811517e-05	0.0466332048601497	3	2	2.0309538983030593	5.047803339413544	3.016849441110485	2	1.0	2	N1__Fibroblast:2.013;N2__Fibroblast:2.377;N3__Fibroblast:1.703	DMED1__Fibroblast:4.464;DMED2__Fibroblast:5.631
Fibroblast	diabetic_ED_vs_normal	ETS2	up_in_ED	1.93973320388557	4.72994438825117	2.9828070142094e-05	0.0466332048601497	3	2	3.633632311583534	5.558071143121661	1.9244388315381271	2	1.0	2	N1__Fibroblast:3.458;N2__Fibroblast:3.982;N3__Fibroblast:3.461	DMED1__Fibroblast:5.608;DMED2__Fibroblast:5.508
Fibroblast	non_diabetic_ED_vs_normal	BMPER	up_in_ED	2.48366124347007	5.59461060427702	6.19075182328838e-07	0.0056995096834593	3	3	3.8397470247784717	6.3827053696618945	2.5429583448834228	3	1.0	3	N1__Fibroblast:3.755;N2__Fibroblast:4.002;N3__Fibroblast:3.762	ED1__Fibroblast:6.190;ED2__Fibroblast:6.618;ED3__Fibroblast:6.340
Fibroblast	non_diabetic_ED_vs_normal	AIF1L	up_in_ED	3.34577724947051	3.48867088712881	7.42220299968656e-07	0.0056995096834593	3	3	0.9774784088781847	4.347290634076535	3.3698122251983507	3	1.0	3	N1__Fibroblast:0.752;N2__Fibroblast:1.221;N3__Fibroblast:0.960	ED1__Fibroblast:3.813;ED2__Fibroblast:4.499;ED3__Fibroblast:4.729
Fibroblast	non_diabetic_ED_vs_normal	CALB1	up_in_ED	4.42901294478315	1.01802323365537	3.81197333542257e-06	0.0195147621618066	3	3	-2.4360559445924106	1.9381556990425068	4.374211643634918	3	1.0	3	N1__Fibroblast:-2.418;N2__Fibroblast:-2.598;N3__Fibroblast:-2.292	ED1__Fibroblast:2.161;ED2__Fibroblast:2.125;ED3__Fibroblast:1.528
Fibroblast	non_diabetic_ED_vs_normal	PLA2G2A	up_in_ED	2.84449430152587	9.8912030391414	7.90784483268114e-06	0.0278880628665795	3	3	7.800425134881682	10.70720711471651	2.906781979834828	3	1.0	3	N1__Fibroblast:7.444;N2__Fibroblast:8.320;N3__Fibroblast:7.638	ED1__Fibroblast:10.793;ED2__Fibroblast:10.961;ED3__Fibroblast:10.367
Fibroblast	non_diabetic_ED_vs_normal	PDE8B	up_in_ED	1.9186981767196	4.26484107400682	1.33864036790576e-05	0.0278880628665795	3	3	2.9599959356459515	4.946289200389269	1.9862932647433174	3	1.0	3	N1__Fibroblast:2.825;N2__Fibroblast:2.836;N3__Fibroblast:3.220	ED1__Fibroblast:4.730;ED2__Fibroblast:5.251;ED3__Fibroblast:4.858
Fibroblast	non_diabetic_ED_vs_normal	SMOC1	up_in_ED	1.84050629827272	6.05630594666732	1.64065503101432e-05	0.0278880628665795	3	3	4.818802601597716	6.718854660863765	1.9000520592660486	3	1.0	3	N1__Fibroblast:4.417;N2__Fibroblast:5.095;N3__Fibroblast:4.944	ED1__Fibroblast:6.315;ED2__Fibroblast:6.987;ED3__Fibroblast:6.854
Fibroblast	non_diabetic_ED_vs_normal	PDE3B	up_in_ED	2.98066489232656	2.85957772983138	1.74237082547782e-05	0.0278880628665795	3	3	0.6840232060025356	3.643031699155621	2.9590084931530853	3	1.0	3	N1__Fibroblast:0.797;N2__Fibroblast:0.740;N3__Fibroblast:0.515	ED1__Fibroblast:3.328;ED2__Fibroblast:4.346;ED3__Fibroblast:3.255
Fibroblast	non_diabetic_ED_vs_normal	CA2	up_in_ED	2.8807877634505	2.79939863042632	1.82231582170378e-05	0.0278880628665795	3	3	0.6712138711823933	3.5914250484639534	2.92021117728156	3	1.0	3	N1__Fibroblast:0.390;N2__Fibroblast:0.572;N3__Fibroblast:1.052	ED1__Fibroblast:3.785;ED2__Fibroblast:3.931;ED3__Fibroblast:3.057
Fibroblast	non_diabetic_ED_vs_normal	UG0898H09	up_in_ED	3.96669112902388	-0.654316582484145	1.88424474708681e-05	0.0278880628665795	3	3	-3.606376584351537	0.1543332333577397	3.7607098177092766	3	1.0	3	N1__Fibroblast:-3.640;N2__Fibroblast:-2.961;N3__Fibroblast:-4.218	ED1__Fibroblast:-0.365;ED2__Fibroblast:0.483;ED3__Fibroblast:0.345
Fibroblast	non_diabetic_ED_vs_normal	MECOM	down_in_ED	-3.13561627285425	1.54447759936062	2.12336783034444e-05	0.0278880628665795	3	3	2.3139271812417097	-0.8483217402875837	-3.1622489215292933	3	1.0	3	N1__Fibroblast:2.193;N2__Fibroblast:2.303;N3__Fibroblast:2.446	ED1__Fibroblast:-0.831;ED2__Fibroblast:-1.431;ED3__Fibroblast:-0.283
Fibroblast	non_diabetic_ED_vs_normal	ATP1A2	up_in_ED	1.93301609196803	4.28494203410675	2.3356279860259e-05	0.0278880628665795	3	3	2.96449690733939	4.964436837142792	1.9999399298034017	3	1.0	3	N1__Fibroblast:3.119;N2__Fibroblast:2.821;N3__Fibroblast:2.954	ED1__Fibroblast:4.652;ED2__Fibroblast:4.991;ED3__Fibroblast:5.250
Fibroblast	non_diabetic_ED_vs_normal	RNF165	up_in_ED	4.76255103895713	0.417556797905598	2.39661295776606e-05	0.0278880628665795	3	3	-3.32371094883322	1.1925847016393611	4.516295650472581	3	1.0	3	N1__Fibroblast:-3.640;N2__Fibroblast:-2.598;N3__Fibroblast:-3.733	ED1__Fibroblast:0.135;ED2__Fibroblast:2.106;ED3__Fibroblast:1.337
Fibroblast	non_diabetic_ED_vs_normal	NR4A2	up_in_ED	1.98705253193218	4.94882835967728	2.52638539420325e-05	0.0278880628665795	3	3	3.5977174968972556	5.619225540537115	2.021508043639859	3	1.0	3	N1__Fibroblast:3.430;N2__Fibroblast:3.565;N3__Fibroblast:3.798	ED1__Fibroblast:5.901;ED2__Fibroblast:5.550;ED3__Fibroblast:5.407
Fibroblast	non_diabetic_ED_vs_normal	NPR3	down_in_ED	-1.89594888129302	4.17408037900949	2.54221174718136e-05	0.0278880628665795	3	3	4.763608574116227	2.956539021524072	-1.807069552592155	3	1.0	3	N1__Fibroblast:4.187;N2__Fibroblast:5.054;N3__Fibroblast:5.050	ED1__Fibroblast:2.702;ED2__Fibroblast:3.212;ED3__Fibroblast:2.955
Fibroblast	non_diabetic_ED_vs_normal	RGS7BP	up_in_ED	3.00798715402783	3.10145151102139	2.9346711705516e-05	0.0300471198915543	3	3	0.7977932199495431	3.8889282194245336	3.0911349994749906	3	1.0	3	N1__Fibroblast:-0.016;N2__Fibroblast:1.174;N3__Fibroblast:1.234	ED1__Fibroblast:3.094;ED2__Fibroblast:4.245;ED3__Fibroblast:4.327
Fibroblast	non_diabetic_ED_vs_normal	BRSK2	up_in_ED	2.78267414151552	1.51398879119497	3.3421290709343e-05	0.0320802614196306	3	3	-0.5001777155252873	2.312919185434048	2.8130969009593354	3	1.0	3	N1__Fibroblast:-0.701;N2__Fibroblast:-0.040;N3__Fibroblast:-0.759	ED1__Fibroblast:2.212;ED2__Fibroblast:2.720;ED3__Fibroblast:2.007
Fibroblast	non_diabetic_ED_vs_normal	COL4A6	up_in_ED	1.99045118638524	3.63205199199983	3.92047326553098e-05	0.0354180167129558	3	3	2.24634240150758	4.322896566866717	2.0765541653591373	3	1.0	3	N1__Fibroblast:1.935;N2__Fibroblast:2.108;N3__Fibroblast:2.696	ED1__Fibroblast:3.939;ED2__Fibroblast:4.641;ED3__Fibroblast:4.388
Fibroblast	non_diabetic_ED_vs_normal	EFNB2	up_in_ED	1.7773255479434	4.29641096799162	4.33327643347061e-05	0.0355098403662652	3	3	3.082144400387478	4.950608308578659	1.8684639081911816	3	1.0	3	N1__Fibroblast:2.537;N2__Fibroblast:3.240;N3__Fibroblast:3.470	ED1__Fibroblast:4.910;ED2__Fibroblast:5.115;ED3__Fibroblast:4.827
Fibroblast	non_diabetic_ED_vs_normal	HMCN2	up_in_ED	1.72457600884228	5.66147104847314	4.3930652881823e-05	0.0355098403662652	3	3	4.516641895896004	6.2839719028872265	1.7673300069912221	3	1.0	3	N1__Fibroblast:4.410;N2__Fibroblast:4.469;N3__Fibroblast:4.671	ED1__Fibroblast:5.986;ED2__Fibroblast:6.166;ED3__Fibroblast:6.700
Fibroblast	non_diabetic_ED_vs_normal	C8orf34	up_in_ED	2.62682564119304	1.11387089683451	4.72277157429762e-05	0.0362661629190315	3	3	-0.750059457431259	1.8852796978211777	2.635339155252437	3	1.0	3	N1__Fibroblast:-0.581;N2__Fibroblast:-0.910;N3__Fibroblast:-0.759	ED1__Fibroblast:1.491;ED2__Fibroblast:2.234;ED3__Fibroblast:1.930
Fibroblast	non_diabetic_ED_vs_normal	RORB	up_in_ED	2.90237329019763	3.34298728001529	5.30341400556483e-05	0.0379717519914702	3	3	1.2016240506545803	4.068543820299134	2.866919769644554	3	1.0	3	N1__Fibroblast:0.706;N2__Fibroblast:1.527;N3__Fibroblast:1.373	ED1__Fibroblast:3.851;ED2__Fibroblast:4.933;ED3__Fibroblast:3.422
Fibroblast	non_diabetic_ED_vs_normal	TYMS	down_in_ED	-2.3808556083744	2.28129515570509	5.43937064599781e-05	0.0379717519914702	3	3	2.9411447552524024	0.6660219422006819	-2.2751228130517207	3	1.0	3	N1__Fibroblast:3.197;N2__Fibroblast:2.759;N3__Fibroblast:2.867	ED1__Fibroblast:0.610;ED2__Fibroblast:0.977;ED3__Fibroblast:0.412
Fibroblast	non_diabetic_ED_vs_normal	HOTAIR	up_in_ED	3.0968399219181	1.91250693228763	6.04054288276002e-05	0.0388481637518955	3	3	-0.543925893284705	2.7591199452950765	3.3030458385797816	3	1.0	3	N1__Fibroblast:-1.318;N2__Fibroblast:0.499;N3__Fibroblast:-0.812	ED1__Fibroblast:2.859;ED2__Fibroblast:2.603;ED3__Fibroblast:2.815
Fibroblast	non_diabetic_ED_vs_normal	PDK4	up_in_ED	3.09036533633312	8.77321310938538	6.07081605707443e-05	0.0388481637518955	3	3	6.318056265456307	9.640417937108566	3.322361671652259	3	1.0	3	N1__Fibroblast:5.164;N2__Fibroblast:7.263;N3__Fibroblast:6.527	ED1__Fibroblast:9.377;ED2__Fibroblast:9.829;ED3__Fibroblast:9.715
Fibroblast	non_diabetic_ED_vs_normal	COL4A5	up_in_ED	1.59564695918892	4.88190211093059	7.04122703869094e-05	0.0422828157926761	3	3	3.8338821373449434	5.473643813541187	1.639761676196244	3	1.0	3	N1__Fibroblast:3.493;N2__Fibroblast:4.128;N3__Fibroblast:3.881	ED1__Fibroblast:5.017;ED2__Fibroblast:5.908;ED3__Fibroblast:5.497
Fibroblast	non_diabetic_ED_vs_normal	KLHL15	up_in_ED	1.9949248572695	3.66716921270931	7.1597401979194e-05	0.0422828157926761	3	3	2.2864840377739557	4.347928612501261	2.061444574727305	3	1.0	3	N1__Fibroblast:2.275;N2__Fibroblast:2.720;N3__Fibroblast:1.865	ED1__Fibroblast:4.513;ED2__Fibroblast:4.451;ED3__Fibroblast:4.079
Fibroblast	non_diabetic_ED_vs_normal	DUSP8	up_in_ED	3.15190390074915	4.27876497217141	7.4334941164361e-05	0.0422828157926761	3	3	1.8616881553006888	5.045738632137887	3.184050476837198	3	1.0	3	N1__Fibroblast:2.322;N2__Fibroblast:2.096;N3__Fibroblast:1.167	ED1__Fibroblast:5.651;ED2__Fibroblast:4.690;ED3__Fibroblast:4.796
Fibroblast	non_diabetic_ED_vs_normal	BHLHE22	down_in_ED	-2.61829534014294	1.59720381001457	8.2044459191584e-05	0.0441806582223546	3	3	2.2383010631564626	-0.2516467948959635	-2.489947858052426	3	1.0	3	N1__Fibroblast:1.786;N2__Fibroblast:2.096;N3__Fibroblast:2.833	ED1__Fibroblast:-0.579;ED2__Fibroblast:-0.178;ED3__Fibroblast:0.002
Fibroblast	non_diabetic_ED_vs_normal	CBLN4	up_in_ED	4.04051796608571	1.71635291327149	8.93453436971767e-05	0.0441806582223546	3	3	-1.42665698064886	2.4406716156601758	3.8673285963090356	3	1.0	3	N1__Fibroblast:-1.318;N2__Fibroblast:-0.814;N3__Fibroblast:-2.148	ED1__Fibroblast:1.152;ED2__Fibroblast:3.203;ED3__Fibroblast:2.966
Fibroblast	non_diabetic_ED_vs_normal	MSI1	up_in_ED	3.76399708657817	-1.03439863378825	8.9345932748195e-05	0.0441806582223546	3	3	-3.7681855267416178	-0.23027202910873526	3.5379134976328825	3	1.0	3	N1__Fibroblast:-2.903;N2__Fibroblast:-4.183;N3__Fibroblast:-4.218	ED1__Fibroblast:-0.094;ED2__Fibroblast:-0.088;ED3__Fibroblast:-0.510
Fibroblast	non_diabetic_ED_vs_normal	DUSP5	up_in_ED	3.56953359202299	3.37504923343726	9.33638133746861e-05	0.0441806582223546	3	3	0.6468501380521181	4.07689446768955	3.4300443296374326	3	1.0	3	N1__Fibroblast:0.965;N2__Fibroblast:0.802;N3__Fibroblast:0.174	ED1__Fibroblast:4.724;ED2__Fibroblast:4.546;ED3__Fibroblast:2.961
Fibroblast	non_diabetic_ED_vs_normal	SCUBE2	up_in_ED	2.78151148296737	5.5459524353696	9.42907145943318e-05	0.0441806582223546	3	3	3.4948431282551997	6.241472671430992	2.746629543175792	3	1.0	3	N1__Fibroblast:3.009;N2__Fibroblast:3.492;N3__Fibroblast:3.984	ED1__Fibroblast:5.438;ED2__Fibroblast:7.177;ED3__Fibroblast:6.110
Fibroblast	non_diabetic_ED_vs_normal	HOOK1	up_in_ED	2.83199220647262	5.34452112034689	9.49317438037311e-05	0.0441806582223546	3	3	3.274026000437027	6.0169577549738955	2.7429317545368685	3	1.0	3	N1__Fibroblast:2.960;N2__Fibroblast:3.718;N3__Fibroblast:3.144	ED1__Fibroblast:4.876;ED2__Fibroblast:6.868;ED3__Fibroblast:6.307
Fibroblast	non_diabetic_ED_vs_normal	ENTPD2	up_in_ED	1.94525717321629	3.64368875027346	9.83451425218422e-05	0.0444230793779545	3	3	2.28117788530639	4.319564862820098	2.038386977513708	3	1.0	3	N1__Fibroblast:1.852;N2__Fibroblast:2.936;N3__Fibroblast:2.056	ED1__Fibroblast:3.893;ED2__Fibroblast:4.683;ED3__Fibroblast:4.382
Fibroblast	non_diabetic_ED_vs_normal	DAZL	up_in_ED	3.44166929104611	-1.06862226702868	0.0001024692888153	0.0447159845428638	3	3	-3.5225303286862157	-0.32883585094736006	3.193694477738856	3	1.0	3	N1__Fibroblast:-2.903;N2__Fibroblast:-3.446;N3__Fibroblast:-4.218	ED1__Fibroblast:-0.579;ED2__Fibroblast:-0.274;ED3__Fibroblast:-0.133
Fibroblast	non_diabetic_ED_vs_normal	SRF	up_in_ED	1.70341370713858	4.51288522314892	0.0001048167367849	0.0447159845428638	3	3	3.3882679545832026	5.110489417023827	1.7222214624406247	3	1.0	3	N1__Fibroblast:3.247;N2__Fibroblast:3.429;N3__Fibroblast:3.489	ED1__Fibroblast:5.436;ED2__Fibroblast:5.115;ED3__Fibroblast:4.781
Fibroblast	non_diabetic_ED_vs_normal	LINC00632	down_in_ED	-2.31004659170354	2.61203916622398	0.0001101898167417	0.0457377082573078	3	3	3.2565012223193555	0.9945149665418253	-2.26198625577753	3	1.0	3	N1__Fibroblast:3.101;N2__Fibroblast:3.823;N3__Fibroblast:2.846	ED1__Fibroblast:0.610;ED2__Fibroblast:0.845;ED3__Fibroblast:1.528
Fibroblast	non_diabetic_ED_vs_normal	LRRC17	up_in_ED	2.14734235570434	5.93458510126221	0.0001185629233672	0.0469652215971461	3	3	4.392395184984168	6.635205867933846	2.2428106829496777	3	1.0	3	N1__Fibroblast:4.086;N2__Fibroblast:4.076;N3__Fibroblast:5.016	ED1__Fibroblast:6.027;ED2__Fibroblast:7.012;ED3__Fibroblast:6.867
Fibroblast	non_diabetic_ED_vs_normal	TCEAL6	up_in_ED	2.2210894644087	2.29117533502337	0.0001270553950853	0.0469652215971461	3	3	0.6486575975127307	3.0255426547830893	2.376885057270359	3	1.0	3	N1__Fibroblast:-0.181;N2__Fibroblast:0.973;N3__Fibroblast:1.153	ED1__Fibroblast:2.942;ED2__Fibroblast:3.332;ED3__Fibroblast:2.803
Fibroblast	non_diabetic_ED_vs_normal	CNTNAP4	down_in_ED	-2.59835585394678	1.10116473200134	0.0001283577284162	0.0469652215971461	3	3	1.7188943458157013	-0.6987461659094428	-2.417640511725144	3	1.0	3	N1__Fibroblast:1.004;N2__Fibroblast:2.046;N3__Fibroblast:2.107	ED1__Fibroblast:-0.699;ED2__Fibroblast:-0.377;ED3__Fibroblast:-1.020
Fibroblast	non_diabetic_ED_vs_normal	ADAMTS1	up_in_ED	3.16340268606135	8.8296687838907	0.0001298172507164	0.0469652215971461	3	3	6.2890631518888815	9.662666604894184	3.3736034530053027	3	1.0	3	N1__Fibroblast:7.092;N2__Fibroblast:6.229;N3__Fibroblast:5.546	ED1__Fibroblast:9.852;ED2__Fibroblast:9.931;ED3__Fibroblast:9.205
Fibroblast	non_diabetic_ED_vs_normal	GNAO1	up_in_ED	2.74531369291407	2.94114532520968	0.0001305856981308	0.0469652215971461	3	3	0.9604005284955899	3.632499405744668	2.672098877249078	3	1.0	3	N1__Fibroblast:1.115;N2__Fibroblast:1.127;N3__Fibroblast:0.640	ED1__Fibroblast:3.139;ED2__Fibroblast:4.577;ED3__Fibroblast:3.181
Fibroblast	non_diabetic_ED_vs_normal	IGSF21	up_in_ED	2.53046482488267	5.01260694258493	0.0001314952812005	0.0469652215971461	3	3	3.0693584317540314	5.805890734016483	2.7365323022624515	3	1.0	3	N1__Fibroblast:3.783;N2__Fibroblast:2.475;N3__Fibroblast:2.950	ED1__Fibroblast:5.603;ED2__Fibroblast:5.830;ED3__Fibroblast:5.985
Fibroblast	organic_ED_vs_normal	MECOM	down_in_ED	-3.15025822069696	1.22123235855969	1.22580751102448e-06	0.0109537703928927	3	5	2.3139271812417097	-0.8865407357990506	-3.2004679170407604	5	1.0	5	N1__Fibroblast:2.193;N2__Fibroblast:2.303;N3__Fibroblast:2.446	DMED1__Fibroblast:-0.439;DMED2__Fibroblast:-1.449;ED1__Fibroblast:-0.831;ED2__Fibroblast:-1.431;ED3__Fibroblast:-0.283
Fibroblast	organic_ED_vs_normal	GREM1	down_in_ED	-7.56152902843581	1.7723789613781	1.97183457544246e-06	0.0109537703928927	3	5	1.8994714733694333	-4.4788566749380205	-6.378328148307454	5	1.0	5	N1__Fibroblast:4.399;N2__Fibroblast:0.013;N3__Fibroblast:1.286	DMED1__Fibroblast:-5.568;DMED2__Fibroblast:-2.729;ED1__Fibroblast:-5.223;ED2__Fibroblast:-5.132;ED3__Fibroblast:-3.742
Fibroblast	organic_ED_vs_normal	C1QL4	down_in_ED	-4.07180607306903	-0.0241507069800852	2.09481170259948e-06	0.0109537703928927	3	5	1.0985927935377473	-3.1969784877104805	-4.295571281248228	5	1.0	5	N1__Fibroblast:1.433;N2__Fibroblast:1.127;N3__Fibroblast:0.736	DMED1__Fibroblast:-3.246;DMED2__Fibroblast:-2.729;ED1__Fibroblast:-2.901;ED2__Fibroblast:-5.132;ED3__Fibroblast:-1.977
Fibroblast	organic_ED_vs_normal	TYMS	down_in_ED	-2.29204708313866	2.02571871559096	4.12362856319122e-06	0.0161718403176952	3	5	2.9411447552524024	0.7082529556320875	-2.232891799620315	5	1.0	5	N1__Fibroblast:3.197;N2__Fibroblast:2.759;N3__Fibroblast:2.867	DMED1__Fibroblast:0.971;DMED2__Fibroblast:0.572;ED1__Fibroblast:0.610;ED2__Fibroblast:0.977;ED3__Fibroblast:0.412
Fibroblast	organic_ED_vs_normal	HOTAIR	up_in_ED	3.03080863472305	2.10325500313554	6.27844251374575e-06	0.0170151585304448	3	5	-0.543925893284705	2.664631662316636	3.2085575556013413	5	1.0	5	N1__Fibroblast:-1.318;N2__Fibroblast:0.499;N3__Fibroblast:-0.812	DMED1__Fibroblast:2.438;DMED2__Fibroblast:2.608;ED1__Fibroblast:2.859;ED2__Fibroblast:2.603;ED3__Fibroblast:2.815
Fibroblast	organic_ED_vs_normal	DUSP8	up_in_ED	3.24875072828162	4.61046401686584	6.50799714302726e-06	0.0170151585304448	3	5	1.8616881553006888	5.138059290780396	3.2763711354797076	5	1.0	5	N1__Fibroblast:2.322;N2__Fibroblast:2.096;N3__Fibroblast:1.167	DMED1__Fibroblast:5.240;DMED2__Fibroblast:5.313;ED1__Fibroblast:5.651;ED2__Fibroblast:4.690;ED3__Fibroblast:4.796
Fibroblast	organic_ED_vs_normal	NR4A2	up_in_ED	2.35273577224672	5.4584967404427	1.28931648400376e-05	0.0258315518679054	3	5	3.5977174968972556	5.909577813575081	2.311860316677825	5	1.0	5	N1__Fibroblast:3.430;N2__Fibroblast:3.565;N3__Fibroblast:3.798	DMED1__Fibroblast:6.234;DMED2__Fibroblast:6.456;ED1__Fibroblast:5.901;ED2__Fibroblast:5.550;ED3__Fibroblast:5.407
Fibroblast	organic_ED_vs_normal	LINC00632	down_in_ED	-2.22851432516815	2.36066172111654	1.47035209773066e-05	0.0258315518679054	3	5	3.2565012223193555	1.0402259118987516	-2.216275310420604	5	1.0	5	N1__Fibroblast:3.101;N2__Fibroblast:3.823;N3__Fibroblast:2.846	DMED1__Fibroblast:1.487;DMED2__Fibroblast:0.730;ED1__Fibroblast:0.610;ED2__Fibroblast:0.845;ED3__Fibroblast:1.528
Fibroblast	organic_ED_vs_normal	NR4A1	up_in_ED	3.09862893423336	8.53881347878153	1.7539882874933e-05	0.0258315518679054	3	5	5.85304792739728	9.073330857213247	3.2202829298159665	5	1.0	5	N1__Fibroblast:6.554;N2__Fibroblast:5.329;N3__Fibroblast:5.676	DMED1__Fibroblast:9.389;DMED2__Fibroblast:9.351;ED1__Fibroblast:8.668;ED2__Fibroblast:9.472;ED3__Fibroblast:8.487
Fibroblast	organic_ED_vs_normal	LINC01021	down_in_ED	-3.34665499699416	0.490843656186477	1.85069387170391e-05	0.0258315518679054	3	5	1.485206551881434	-1.9345648091128738	-3.4197713609943077	5	1.0	5	N1__Fibroblast:1.079;N2__Fibroblast:2.325;N3__Fibroblast:1.052	DMED1__Fibroblast:-1.320;DMED2__Fibroblast:-2.077;ED1__Fibroblast:-1.523;ED2__Fibroblast:-3.547;ED3__Fibroblast:-1.206
Fibroblast	organic_ED_vs_normal	NCALD	up_in_ED	3.00769415754208	3.03081035589352	1.95967693591448e-05	0.0258315518679054	3	5	0.5759146805497014	3.4956168294406	2.9197021488908983	5	1.0	5	N1__Fibroblast:0.608;N2__Fibroblast:0.422;N3__Fibroblast:0.698	DMED1__Fibroblast:3.654;DMED2__Fibroblast:3.543;ED1__Fibroblast:4.110;ED2__Fibroblast:3.748;ED3__Fibroblast:2.424
Fibroblast	organic_ED_vs_normal	SRF	up_in_ED	1.68557889756612	4.66429155280007	1.97602232686214e-05	0.0258315518679054	3	5	3.3882679545832026	5.066589355514543	1.67832140093134	5	1.0	5	N1__Fibroblast:3.247;N2__Fibroblast:3.429;N3__Fibroblast:3.489	DMED1__Fibroblast:4.735;DMED2__Fibroblast:5.267;ED1__Fibroblast:5.436;ED2__Fibroblast:5.115;ED3__Fibroblast:4.781
Fibroblast	organic_ED_vs_normal	BHLHE22	down_in_ED	-2.40148842603667	1.35681306114336	2.85813175868296e-05	0.0344888560757382	3	5	2.2383010631564626	-0.11607891291321012	-2.354379976069673	5	1.0	5	N1__Fibroblast:1.786;N2__Fibroblast:2.096;N3__Fibroblast:2.833	DMED1__Fibroblast:-0.439;DMED2__Fibroblast:0.613;ED1__Fibroblast:-0.579;ED2__Fibroblast:-0.178;ED3__Fibroblast:0.002
Fibroblast	organic_ED_vs_normal	KLHL15	up_in_ED	2.03270249120002	3.88598755082977	3.65892290646767e-05	0.0392714153481743	3	5	2.2864840377739557	4.321346031358756	2.0348619935848	5	1.0	5	N1__Fibroblast:2.275;N2__Fibroblast:2.720;N3__Fibroblast:1.865	DMED1__Fibroblast:3.765;DMED2__Fibroblast:4.798;ED1__Fibroblast:4.513;ED2__Fibroblast:4.451;ED3__Fibroblast:4.079
Fibroblast	organic_ED_vs_normal	SLC19A2	up_in_ED	1.70083295646319	5.37573520142131	3.75515541673115e-05	0.0392714153481743	3	5	4.046578996728114	5.794490220225564	1.74791122349745	5	1.0	5	N1__Fibroblast:4.178;N2__Fibroblast:4.411;N3__Fibroblast:3.551	DMED1__Fibroblast:6.042;DMED2__Fibroblast:5.894;ED1__Fibroblast:5.745;ED2__Fibroblast:5.476;ED3__Fibroblast:5.815
Fibroblast	organic_ED_vs_normal	DPP4	down_in_ED	-4.49571835675777	0.906287935334145	4.62448293356317e-05	0.0426738879562404	3	5	1.8968752224101282	-2.8340563400984	-4.730931562508529	5	1.0	5	N1__Fibroblast:2.909;N2__Fibroblast:1.127;N3__Fibroblast:1.654	DMED1__Fibroblast:-2.761;DMED2__Fibroblast:-1.013;ED1__Fibroblast:-1.523;ED2__Fibroblast:-5.132;ED3__Fibroblast:-3.742
Fibroblast	organic_ED_vs_normal	ADAMTS1	up_in_ED	2.94335588638802	8.8710734270722	4.8873966185399e-05	0.0426738879562404	3	5	6.2890631518888815	9.391814205686503	3.102751053797621	5	1.0	5	N1__Fibroblast:7.092;N2__Fibroblast:6.229;N3__Fibroblast:5.546	DMED1__Fibroblast:9.038;DMED2__Fibroblast:8.933;ED1__Fibroblast:9.852;ED2__Fibroblast:9.931;ED3__Fibroblast:9.205
Fibroblast	organic_ED_vs_normal	TMEM200C	up_in_ED	1.37978838903407	2.61389507565965	4.93508957656732e-05	0.0426738879562404	3	5	1.584513623627797	2.9808624378506647	1.3963488142228677	5	1.0	5	N1__Fibroblast:1.345;N2__Fibroblast:1.794;N3__Fibroblast:1.615	DMED1__Fibroblast:3.021;DMED2__Fibroblast:2.825;ED1__Fibroblast:2.641;ED2__Fibroblast:3.130;ED3__Fibroblast:3.287
Fibroblast	organic_ED_vs_normal	DUSP5	up_in_ED	3.71803054324018	3.77169786243308	5.16863562930177e-05	0.0426738879562404	3	5	0.6468501380521181	4.164618045158193	3.517767907106075	5	1.0	5	N1__Fibroblast:0.965;N2__Fibroblast:0.802;N3__Fibroblast:0.174	DMED1__Fibroblast:3.463;DMED2__Fibroblast:5.130;ED1__Fibroblast:4.724;ED2__Fibroblast:4.546;ED3__Fibroblast:2.961
Fibroblast	organic_ED_vs_normal	AIF1L	up_in_ED	3.14500453065777	3.55625527835368	5.68026940824998e-05	0.0445531931036087	3	5	0.9774784088781847	3.94654721180437	2.969068802926185	5	1.0	5	N1__Fibroblast:0.752;N2__Fibroblast:1.221;N3__Fibroblast:0.960	DMED1__Fibroblast:2.246;DMED2__Fibroblast:4.445;ED1__Fibroblast:3.813;ED2__Fibroblast:4.499;ED3__Fibroblast:4.729
Fibroblast	organic_ED_vs_normal	GPR68	down_in_ED	-2.30371214031067	2.09164588805251	6.51816327133662e-05	0.0486906796368846	3	5	3.005948836164555	0.6249190246518761	-2.381029811512679	5	1.0	5	N1__Fibroblast:2.537;N2__Fibroblast:3.081;N3__Fibroblast:3.401	DMED1__Fibroblast:1.278;DMED2__Fibroblast:0.838;ED1__Fibroblast:0.967;ED2__Fibroblast:-0.608;ED3__Fibroblast:0.650
Macrophage	diabetic_ED_vs_normal	HLA-DQA2	down_in_ED	-8.1833439856146	8.87217218321679	5.64353651151814e-07	0.0061249301759506	3	2	9.588931904954483	1.4558996942497304	-8.133032210704753	2	1.0	2	N1__Macrophage:9.727;N2__Macrophage:9.139;N3__Macrophage:9.900	DMED1__Macrophage:2.007;DMED2__Macrophage:0.904
Macrophage	non_diabetic_ED_vs_normal	HLA-DQA2	down_in_ED	-8.87601905517534	8.89807123290932	6.80546683371126e-07	0.0068510634614971	3	2	9.588931904954483	0.8801433858989105	-8.708788519055574	2	1.0	2	N1__Macrophage:9.727;N2__Macrophage:9.139;N3__Macrophage:9.900	ED1__Macrophage:0.376;ED3__Macrophage:1.385
Macrophage	organic_ED_vs_normal	HLA-DQA2	down_in_ED	-8.40541908148024	8.40031583710643	4.036915287362911e-09	3.99170183614444e-05	3	4	9.588931904954483	1.1680215400743204	-8.420910364880163	4	1.0	4	N1__Macrophage:9.727;N2__Macrophage:9.139;N3__Macrophage:9.900	DMED1__Macrophage:2.007;DMED2__Macrophage:0.904;ED1__Macrophage:0.376;ED3__Macrophage:1.385
Mural	diabetic_ED_vs_normal	ERAP2	down_in_ED	-4.07416883361962	3.75062359941604	4.63810736902245e-06	0.0310333164396307	3	2	4.560194860667676	0.5521748209023863	-4.00802003976529	2	1.0	2	N1__Mural:4.230;N2__Mural:4.290;N3__Mural:5.160	DMED1__Mural:0.625;DMED2__Mural:0.479
Mural	diabetic_ED_vs_normal	TRIB1	up_in_ED	4.48685276198921	3.56624256567726	1.51106691612704e-05	0.0310333164396307	3	2	0.29242470616335514	4.244064363972872	3.951639657809517	2	1.0	2	N1__Mural:0.880;N2__Mural:0.147;N3__Mural:-0.150	DMED1__Mural:3.668;DMED2__Mural:4.821
Mural	diabetic_ED_vs_normal	DNAH11	down_in_ED	-4.77839937046901	2.64346245408907	1.55083464756083e-05	0.0310333164396307	3	2	3.6079301847956007	-1.0327876798187698	-4.640717864614371	2	1.0	2	N1__Mural:2.806;N2__Mural:4.395;N3__Mural:3.622	DMED1__Mural:-0.960;DMED2__Mural:-1.106
Mural	diabetic_ED_vs_normal	DUSP5	up_in_ED	3.55450969066455	3.06854494695888	1.64364031462581e-05	0.0310333164396307	3	2	0.5380799042187573	3.735846737101599	3.1977668328828415	2	1.0	2	N1__Mural:0.143;N2__Mural:0.884;N3__Mural:0.587	DMED1__Mural:3.582;DMED2__Mural:3.890
Mural	diabetic_ED_vs_normal	GSC	down_in_ED	-2.86957169753249	3.85077548200592	1.66103438100939e-05	0.0310333164396307	3	2	4.587593282760774	1.7308238723442653	-2.8567694104165087	2	1.0	2	N1__Mural:4.113;N2__Mural:4.671;N3__Mural:4.979	DMED1__Mural:1.961;DMED2__Mural:1.501
Mural	diabetic_ED_vs_normal	ABCC9	down_in_ED	-2.62902657458597	5.78906361300208	2.00171243323662e-05	0.0310333164396307	3	2	6.375145647110279	3.7736465688267504	-2.6014990782835286	2	1.0	2	N1__Mural:5.834;N2__Mural:7.010;N3__Mural:6.282	DMED1__Mural:3.898;DMED2__Mural:3.649
Mural	diabetic_ED_vs_normal	NEDD9	up_in_ED	2.49971800091054	4.51986248485124	2.08938362101967e-05	0.0310333164396307	3	2	2.847536678558414	5.302872276772881	2.4553355982144667	2	1.0	2	N1__Mural:2.465;N2__Mural:3.420;N3__Mural:2.657	DMED1__Mural:5.445;DMED2__Mural:5.161
Mural	diabetic_ED_vs_normal	GUCY1A2	down_in_ED	-2.18078661550501	4.69332936504694	3.46122988486715e-05	0.0417670389148131	3	2	5.3046285418584445	3.1129397107988632	-2.1916888310595812	2	1.0	2	N1__Mural:5.097;N2__Mural:5.681;N3__Mural:5.135	DMED1__Mural:3.199;DMED2__Mural:3.027
Mural	diabetic_ED_vs_normal	THBD	up_in_ED	2.17043042738684	4.78569242588846	3.81269277455662e-05	0.0417670389148131	3	2	3.410222009786834	5.522757920423585	2.1125359106367507	2	1.0	2	N1__Mural:3.416;N2__Mural:3.692;N3__Mural:3.123	DMED1__Mural:5.450;DMED2__Mural:5.596
Mural	diabetic_ED_vs_normal	CSGALNACT1	down_in_ED	-2.42304157661403	5.33673365970254	4.84254189604274e-05	0.0417670389148131	3	2	5.901597292572137	3.516587270792595	-2.385010021779542	2	1.0	2	N1__Mural:5.378;N2__Mural:5.857;N3__Mural:6.469	DMED1__Mural:3.582;DMED2__Mural:3.451
Mural	diabetic_ED_vs_normal	KCNJ8	down_in_ED	-2.13391638748164	4.60987149391216	5.9005042363605e-05	0.0417670389148131	3	2	5.220755576984515	3.070386525027323	-2.150369051957192	2	1.0	2	N1__Mural:5.272;N2__Mural:5.357;N3__Mural:5.033	DMED1__Mural:3.288;DMED2__Mural:2.853
Mural	diabetic_ED_vs_normal	THBS1	up_in_ED	3.57087971665322	6.17077743294554	5.91198562409889e-05	0.0417670389148131	3	2	3.6418395940793453	6.957999870309206	3.3161602762298608	2	1.0	2	N1__Mural:3.512;N2__Mural:4.290;N3__Mural:3.123	DMED1__Mural:6.132;DMED2__Mural:7.784
Mural	diabetic_ED_vs_normal	HSPB8	up_in_ED	2.360683049453	5.69135803225016	7.4245287909113e-05	0.0417670389148131	3	2	4.164066211131726	6.483519493899966	2.3194532827682393	2	1.0	2	N1__Mural:3.843;N2__Mural:4.829;N3__Mural:3.820	DMED1__Mural:6.162;DMED2__Mural:6.805
Mural	diabetic_ED_vs_normal	HBEGF	up_in_ED	3.92814587198095	3.58082423573517	7.54996383347423e-05	0.0417670389148131	3	2	0.6998888466088378	4.170038627070172	3.470149780461334	2	1.0	2	N1__Mural:0.143;N2__Mural:0.884;N3__Mural:1.072	DMED1__Mural:3.452;DMED2__Mural:4.888
Mural	diabetic_ED_vs_normal	COLEC11	down_in_ED	-3.44005928880552	3.44435200812006	7.69662145680674e-05	0.0417670389148131	3	2	4.194324565224221	0.8688795220721908	-3.3254450431520306	2	1.0	2	N1__Mural:4.708;N2__Mural:3.420;N3__Mural:4.455	DMED1__Mural:0.877;DMED2__Mural:0.861
Mural	diabetic_ED_vs_normal	CSPG4	up_in_ED	1.9713456920937	5.64218762089603	7.82822434484539e-05	0.0417670389148131	3	2	4.425819928200721	6.382521688427033	1.956701760226312	2	1.0	2	N1__Mural:3.843;N2__Mural:4.902;N3__Mural:4.532	DMED1__Mural:6.662;DMED2__Mural:6.103
Mural	diabetic_ED_vs_normal	DLX5	down_in_ED	-2.24255648477894	5.87572693971258	8.03409485428159e-05	0.0417670389148131	3	2	6.436788805882142	4.160136518861392	-2.2766522870207506	2	1.0	2	N1__Mural:6.320;N2__Mural:6.862;N3__Mural:6.129	DMED1__Mural:4.577;DMED2__Mural:3.743
Mural	diabetic_ED_vs_normal	DLX6	down_in_ED	-2.23911278823824	4.38425994819711	8.6520277010623e-05	0.0417670389148131	3	2	4.985336230847683	2.7640230793961065	-2.221313151451577	2	1.0	2	N1__Mural:4.339;N2__Mural:5.481;N3__Mural:5.135	DMED1__Mural:2.974;DMED2__Mural:2.554
Mural	diabetic_ED_vs_normal	FABP4	down_in_ED	-2.655249452053	6.05963708585053	8.70247870027822e-05	0.0417670389148131	3	2	6.594691892614588	4.0180808062974585	-2.576611086317129	2	1.0	2	N1__Mural:7.101;N2__Mural:6.214;N3__Mural:6.469	DMED1__Mural:4.122;DMED2__Mural:3.914
Mural	diabetic_ED_vs_normal	ADAMTS9	up_in_ED	2.4411799409653	4.17007507079832	8.72082432538655e-05	0.0417670389148131	3	2	2.4950325256733445	4.902537289947732	2.4075047642743876	2	1.0	2	N1__Mural:2.950;N2__Mural:2.022;N3__Mural:2.513	DMED1__Mural:4.909;DMED2__Mural:4.896
Mural	diabetic_ED_vs_normal	BTC	up_in_ED	2.59609802545093	3.47473547862915	8.91287710291026e-05	0.0417670389148131	3	2	1.6224068179420474	4.129835840121155	2.5074290221791076	2	1.0	2	N1__Mural:0.880;N2__Mural:2.022;N3__Mural:1.965	DMED1__Mural:4.021;DMED2__Mural:4.239
Mural	diabetic_ED_vs_normal	HIC1	down_in_ED	-1.95553659570981	5.84612895507901	9.20539132228502e-05	0.0417670389148131	3	2	6.353461485204257	4.410758324128024	-1.9427031610762322	2	1.0	2	N1__Mural:5.853;N2__Mural:6.439;N3__Mural:6.769	DMED1__Mural:4.495;DMED2__Mural:4.326
Mural	diabetic_ED_vs_normal	NR4A3	up_in_ED	4.67005139925669	5.56741171515977	9.23960656959412e-05	0.0417670389148131	3	2	1.966711692099626	6.231423122243488	4.264711430143862	2	1.0	2	N1__Mural:2.806;N2__Mural:1.370;N3__Mural:1.724	DMED1__Mural:5.143;DMED2__Mural:7.320
Mural	diabetic_ED_vs_normal	MAP3K7CL	up_in_ED	2.38814383147254	4.47243771001026	9.93602889307232e-05	0.043043705167197	3	2	2.8912848563178315	5.177870768031315	2.286585911713484	2	1.0	2	N1__Mural:2.465;N2__Mural:3.420;N3__Mural:2.788	DMED1__Mural:5.661;DMED2__Mural:4.694
Mural	organic_ED_vs_normal	GSC	down_in_ED	-2.61605131725057	3.43654702541587	7.17631125204713e-07	0.0075136225811442	3	5	4.587593282760774	2.1326773242317674	-2.4549159585290066	5	1.0	5	N1__Mural:4.113;N2__Mural:4.671;N3__Mural:4.979	DMED1__Mural:1.961;DMED2__Mural:1.501;ED1__Mural:2.307;ED2__Mural:2.723;ED3__Mural:2.172
Mural	organic_ED_vs_normal	DNAH11	down_in_ED	-4.05046752738064	2.0539406121885	1.4157947203965e-06	0.0075136225811442	3	5	3.6079301847956007	-0.3950185113843518	-4.002948696179953	5	1.0	5	N1__Mural:2.806;N2__Mural:4.395;N3__Mural:3.622	DMED1__Mural:-0.960;DMED2__Mural:-1.106;ED1__Mural:0.381;ED2__Mural:-0.737;ED3__Mural:0.446
Mural	organic_ED_vs_normal	GGT5	down_in_ED	-2.16208910719408	7.14248516660606	3.60436697648672e-06	0.01275225036281	3	5	8.010479137445168	5.919268226963135	-2.091210910482033	5	1.0	5	N1__Mural:8.386;N2__Mural:7.620;N3__Mural:8.025	DMED1__Mural:5.949;DMED2__Mural:5.560;ED1__Mural:6.109;ED2__Mural:5.639;ED3__Mural:6.340
Mural	organic_ED_vs_normal	PGAM2	up_in_ED	1.64511453187179	7.11970667424033	6.53372463260175e-06	0.0165435315241013	3	5	5.860517781619092	7.504213907660892	1.6436961260418004	5	1.0	5	N1__Mural:5.677;N2__Mural:5.946;N3__Mural:5.958	DMED1__Mural:7.115;DMED2__Mural:7.619;ED1__Mural:7.236;ED2__Mural:7.634;ED3__Mural:7.917
Mural	organic_ED_vs_normal	CA3	down_in_ED	-1.61979852870339	5.79540731122631	8.80974654016312e-06	0.0165435315241013	3	5	6.56760773852401	4.944526427209257	-1.6230813113147526	5	1.0	5	N1__Mural:6.619;N2__Mural:6.511;N3__Mural:6.573	DMED1__Mural:4.745;DMED2__Mural:5.091;ED1__Mural:5.198;ED2__Mural:4.549;ED3__Mural:5.139
Mural	organic_ED_vs_normal	HIC1	down_in_ED	-1.67604282438372	5.58171171928636	9.35191154556322e-06	0.0165435315241013	3	5	6.353461485204257	4.7400583826840315	-1.6134031025202251	5	1.0	5	N1__Mural:5.853;N2__Mural:6.439;N3__Mural:6.769	DMED1__Mural:4.495;DMED2__Mural:4.326;ED1__Mural:4.659;ED2__Mural:5.330;ED3__Mural:4.890
Mural	organic_ED_vs_normal	CSGALNACT1	down_in_ED	-2.01026664321072	5.03203294293797	1.13412702812831e-05	0.0171043739925219	3	5	5.901597292572137	3.9807454018947026	-1.9208518906774343	5	1.0	5	N1__Mural:5.378;N2__Mural:5.857;N3__Mural:6.469	DMED1__Mural:3.582;DMED2__Mural:3.451;ED1__Mural:3.942;ED2__Mural:4.621;ED3__Mural:4.308
Mural	organic_ED_vs_normal	GUCY1A2	down_in_ED	-1.9337334368287	4.3904275367673	1.42555324893181e-05	0.0171043739925219	3	5	5.3046285418584445	3.4559116871101523	-1.8487168547482922	5	1.0	5	N1__Mural:5.097;N2__Mural:5.681;N3__Mural:5.135	DMED1__Mural:3.199;DMED2__Mural:3.027;ED1__Mural:3.614;ED2__Mural:4.308;ED3__Mural:3.132
Mural	organic_ED_vs_normal	MYOZ1	up_in_ED	1.69411254534578	5.19943283375945	1.45034262231673e-05	0.0171043739925219	3	5	3.8929941591355095	5.5680023685645885	1.675008209429079	5	1.0	5	N1__Mural:3.687;N2__Mural:4.054;N3__Mural:3.937	DMED1__Mural:5.173;DMED2__Mural:5.703;ED1__Mural:5.219;ED2__Mural:6.032;ED3__Mural:5.714
Mural	organic_ED_vs_normal	ZEB2	down_in_ED	-1.17206030931234	8.25292587740294	1.68963758576189e-05	0.0179338133352767	3	5	8.832111500563705	7.695841523154951	-1.1362699774087544	5	1.0	5	N1__Mural:8.812;N2__Mural:8.802;N3__Mural:8.882	DMED1__Mural:7.736;DMED2__Mural:7.557;ED1__Mural:7.508;ED2__Mural:7.932;ED3__Mural:7.746
Mural	organic_ED_vs_normal	ADAMTSL2	down_in_ED	-2.65830137672194	1.51413575934946	2.14146060674986e-05	0.0182580545991257	3	5	2.8898407160524866	0.2884660092589309	-2.6013747067935555	5	1.0	5	N1__Mural:2.806;N2__Mural:3.206;N3__Mural:2.657	DMED1__Mural:0.757;DMED2__Mural:0.079;ED1__Mural:-0.356;ED2__Mural:0.848;ED3__Mural:0.115
Mural	organic_ED_vs_normal	STEAP4	down_in_ED	-2.39886172939268	7.94425613531321	2.4293754215966e-05	0.0182580545991257	3	5	8.869886638568431	6.465881295711687	-2.4040053428567445	5	1.0	5	N1__Mural:9.228;N2__Mural:8.498;N3__Mural:8.884	DMED1__Mural:6.673;DMED2__Mural:5.343;ED1__Mural:7.165;ED2__Mural:6.521;ED3__Mural:6.628
Mural	organic_ED_vs_normal	HGF	down_in_ED	-2.05946193814704	6.03790870486904	2.45100735443022e-05	0.0182580545991257	3	5	6.960853370856861	4.798089082742966	-2.1627642881138947	5	1.0	5	N1__Mural:6.661;N2__Mural:7.159;N3__Mural:7.063	DMED1__Mural:5.469;DMED2__Mural:4.790;ED1__Mural:5.316;ED2__Mural:4.018;ED3__Mural:4.397
Mural	organic_ED_vs_normal	PTGS2	up_in_ED	1.76751950117669	3.9736201774002	2.59936200562383e-05	0.0182580545991257	3	5	2.5906972939326693	4.324210427025997	1.7335131330933273	5	1.0	5	N1__Mural:2.645;N2__Mural:2.469;N3__Mural:2.657	DMED1__Mural:4.304;DMED2__Mural:4.075;ED1__Mural:4.598;ED2__Mural:4.393;ED3__Mural:4.251
Mural	organic_ED_vs_normal	RP11-631N16.2	down_in_ED	-2.0522873425948	3.579746189375	2.66534791234255e-05	0.0182580545991257	3	5	4.539903293202426	2.5367399918344313	-2.0031633013679944	5	1.0	5	N1__Mural:4.898;N2__Mural:4.117;N3__Mural:4.605	DMED1__Mural:3.027;DMED2__Mural:2.064;ED1__Mural:2.451;ED2__Mural:2.433;ED3__Mural:2.708
Mural	organic_ED_vs_normal	NEURL1B	down_in_ED	-1.07690131879216	5.84320185656547	2.75229765956294e-05	0.0182580545991257	3	5	6.394537092170487	5.344811315040054	-1.0497257771304334	5	1.0	5	N1__Mural:6.306;N2__Mural:6.350;N3__Mural:6.527	DMED1__Mural:5.415;DMED2__Mural:5.396;ED1__Mural:5.114;ED2__Mural:5.372;ED3__Mural:5.426
Mural	organic_ED_vs_normal	EMX2OS	down_in_ED	-1.6976162074872	3.56817913480867	4.06230833061455e-05	0.0245068472009816	3	5	4.433255091420844	2.8049025522260314	-1.6283525391948128	5	1.0	5	N1__Mural:4.286;N2__Mural:4.866;N3__Mural:4.148	DMED1__Mural:2.255;DMED2__Mural:2.654;ED1__Mural:2.703;ED2__Mural:3.351;ED3__Mural:3.062
Mural	organic_ED_vs_normal	PROS1	down_in_ED	-1.39975587867716	5.09590103313059	4.43500523929495e-05	0.0245068472009816	3	5	5.782310610919221	4.425806596418527	-1.3565040145006941	5	1.0	5	N1__Mural:5.959;N2__Mural:5.639;N3__Mural:5.749	DMED1__Mural:4.021;DMED2__Mural:4.597;ED1__Mural:4.288;ED2__Mural:4.690;ED3__Mural:4.534
Mural	organic_ED_vs_normal	LSP1	down_in_ED	-1.82648071651885	4.80557929615525	4.65601509775119e-05	0.0245068472009816	3	5	5.642134564411499	3.7587278699641793	-1.88340669444732	5	1.0	5	N1__Mural:5.453;N2__Mural:5.357;N3__Mural:6.117	DMED1__Mural:3.855;DMED2__Mural:3.831;ED1__Mural:3.416;ED2__Mural:3.170;ED3__Mural:4.520
Mural	organic_ED_vs_normal	SASH1	down_in_ED	-1.30392380254545	5.23402014663482	4.95416529433348e-05	0.0245068472009816	3	5	5.894122395689137	4.613685822375722	-1.2804365733134153	5	1.0	5	N1__Mural:5.796;N2__Mural:6.170;N3__Mural:5.716	DMED1__Mural:4.283;DMED2__Mural:4.374;ED1__Mural:4.978;ED2__Mural:4.690;ED3__Mural:4.744
Mural	organic_ED_vs_normal	NTN4	up_in_ED	1.26495521911628	6.18276675512495	5.00175656097973e-05	0.0245068472009816	3	5	5.219990312808667	6.509583226385334	1.2895929135766666	5	1.0	5	N1__Mural:4.748;N2__Mural:5.528;N3__Mural:5.384	DMED1__Mural:6.687;DMED2__Mural:6.342;ED1__Mural:6.522;ED2__Mural:6.779;ED3__Mural:6.217
Mural	organic_ED_vs_normal	DAAM1	down_in_ED	-1.81333945292011	6.07124812739131	5.07961784832858e-05	0.0245068472009816	3	5	6.823916798854673	5.082206863823609	-1.7417099350310634	5	1.0	5	N1__Mural:7.356;N2__Mural:6.737;N3__Mural:6.379	DMED1__Mural:5.370;DMED2__Mural:5.288;ED1__Mural:5.114;ED2__Mural:4.549;ED3__Mural:5.090
Mural	organic_ED_vs_normal	BTC	up_in_ED	2.89258305835875	4.00162035103184	5.37289004639329e-05	0.0247947195445298	3	5	1.6224068179420474	4.4453151004923175	2.8229082825502703	5	1.0	5	N1__Mural:0.880;N2__Mural:2.022;N3__Mural:1.965	DMED1__Mural:4.021;DMED2__Mural:4.239;ED1__Mural:4.081;ED2__Mural:5.603;ED3__Mural:4.282
Mural	organic_ED_vs_normal	CGNL1	down_in_ED	-1.94431090404553	3.31393886573683	5.69033813393024e-05	0.0251655203973065	3	5	4.2168319208570155	2.2582239824957315	-1.958607938361284	5	1.0	5	N1__Mural:3.767;N2__Mural:3.989;N3__Mural:4.894	DMED1__Mural:2.299;DMED2__Mural:2.423;ED1__Mural:2.307;ED2__Mural:1.585;ED3__Mural:2.676
Mural	organic_ED_vs_normal	LYNX1	up_in_ED	1.39867089631628	4.47965991632326	5.98476496751589e-05	0.0254089181460855	3	5	3.40258096169346	4.772088376109861	1.3695074144164008	5	1.0	5	N1__Mural:3.313;N2__Mural:3.420;N3__Mural:3.474	DMED1__Mural:4.909;DMED2__Mural:4.871;ED1__Mural:4.853;ED2__Mural:4.621;ED3__Mural:4.606
Mural	organic_ED_vs_normal	RHOD	up_in_ED	1.46141498361701	4.32883147454034	6.42024151818411e-05	0.0262094013361562	3	5	3.1725063515708034	4.628375585434576	1.4558692338637722	5	1.0	5	N1__Mural:2.806;N2__Mural:3.692;N3__Mural:3.020	DMED1__Mural:4.822;DMED2__Mural:4.732;ED1__Mural:4.434;ED2__Mural:4.621;ED3__Mural:4.534
Mural	organic_ED_vs_normal	CARNS1	up_in_ED	1.99693192637557	3.64991339780704	7.37488552314872e-05	0.0289914944232224	3	5	2.0703916183478346	3.9921617942469836	1.921770175899149	5	1.0	5	N1__Mural:2.017;N2__Mural:2.469;N3__Mural:1.724	DMED1__Mural:3.599;DMED2__Mural:4.252;ED1__Mural:3.731;ED2__Mural:4.473;ED3__Mural:3.906
Mural	organic_ED_vs_normal	COLEC11	down_in_ED	-2.73729142847488	3.0770419824596	8.13783729346202e-05	0.030848216083145	3	5	4.194324565224221	1.720179803558619	-2.474144761665602	5	1.0	5	N1__Mural:4.708;N2__Mural:3.420;N3__Mural:4.455	DMED1__Mural:0.877;DMED2__Mural:0.861;ED1__Mural:2.583;ED2__Mural:2.433;ED3__Mural:1.847
Mural	organic_ED_vs_normal	MAMDC2	down_in_ED	-1.36555543959322	4.1868745774897	8.58565730489137e-05	0.0314235057359024	3	5	4.872128886411667	3.5580525374899494	-1.3140763489217173	5	1.0	5	N1__Mural:4.391;N2__Mural:4.972;N3__Mural:5.254	DMED1__Mural:3.175;DMED2__Mural:3.743;ED1__Mural:3.485;ED2__Mural:3.787;ED3__Mural:3.600
Mural	organic_ED_vs_normal	CYR61	up_in_ED	2.16519819618929	8.81763293381117	9.71292276084395e-05	0.0335932596756764	3	5	6.986329731592714	9.251709071373742	2.2653793397810285	5	1.0	5	N1__Mural:6.530;N2__Mural:7.970;N3__Mural:6.460	DMED1__Mural:9.524;DMED2__Mural:9.055;ED1__Mural:9.742;ED2__Mural:8.785;ED3__Mural:9.152
Mural	organic_ED_vs_normal	KCNMB1	up_in_ED	1.2566623186827	7.18280195368044	9.8877762244552e-05	0.0335932596756764	3	5	6.215916967016976	7.507568779696333	1.2916518126793575	5	1.0	5	N1__Mural:5.635;N2__Mural:6.655;N3__Mural:6.358	DMED1__Mural:7.235;DMED2__Mural:7.545;ED1__Mural:7.231;ED2__Mural:7.625;ED3__Mural:7.901
Mural	organic_ED_vs_normal	MCC	down_in_ED	-1.72170651830828	4.23690227198864	0.0001012798482779	0.0335932596756764	3	5	5.010723773498976	3.3890372312867454	-1.6216865422122302	5	1.0	5	N1__Mural:4.230;N2__Mural:5.742;N3__Mural:5.059	DMED1__Mural:3.053;DMED2__Mural:3.274;ED1__Mural:3.942;ED2__Mural:3.351;ED3__Mural:3.326
Mural	organic_ED_vs_normal	SLC38A1	up_in_ED	1.72789597994865	6.78927245706498	0.0001131116373559	0.0363808157241242	3	5	5.399985256115545	7.158659548485761	1.758674292370216	5	1.0	5	N1__Mural:4.667;N2__Mural:6.030;N3__Mural:5.503	DMED1__Mural:6.700;DMED2__Mural:7.617;ED1__Mural:6.714;ED2__Mural:7.497;ED3__Mural:7.266
Mural	organic_ED_vs_normal	NCKAP5	down_in_ED	-1.73504373496732	4.1930033531239	0.0001231960372345	0.0375859396222189	3	5	4.9904011010685	3.3565384375867717	-1.633862663481728	5	1.0	5	N1__Mural:4.230;N2__Mural:5.357;N3__Mural:5.384	DMED1__Mural:3.373;DMED2__Mural:2.692;ED1__Mural:3.942;ED2__Mural:3.656;ED3__Mural:3.121
Mural	organic_ED_vs_normal	DUSP5	up_in_ED	3.52099276849004	3.36302245484168	0.0001239408221949	0.0375859396222189	3	5	0.5380799042187573	3.442046840534464	2.903966936315707	5	1.0	5	N1__Mural:0.143;N2__Mural:0.884;N3__Mural:0.587	DMED1__Mural:3.582;DMED2__Mural:3.890;ED1__Mural:4.434;ED2__Mural:1.585;ED3__Mural:3.719
Mural	organic_ED_vs_normal	FMOD	down_in_ED	-2.22728560902177	4.73809886010464	0.0001470922070916	0.0412512815209784	3	5	5.549390084191935	3.3955999566576645	-2.1537901275342706	5	1.0	5	N1__Mural:6.251;N2__Mural:4.585;N3__Mural:5.812	DMED1__Mural:3.855;DMED2__Mural:3.323;ED1__Mural:3.344;ED2__Mural:2.433;ED3__Mural:4.022
Mural	organic_ED_vs_normal	IGFBP5	down_in_ED	-1.48314703942641	11.9012947778597	0.0001477734839896	0.0412512815209784	3	5	12.594968977182829	11.100904053480035	-1.494064923702794	5	1.0	5	N1__Mural:12.309;N2__Mural:12.555;N3__Mural:12.921	DMED1__Mural:10.624;DMED2__Mural:11.678;ED1__Mural:10.996;ED2__Mural:11.023;ED3__Mural:11.184
Mural	organic_ED_vs_normal	PDLIM5	up_in_ED	1.01218477549189	7.61308896713686	0.0001508540194393	0.0412512815209784	3	5	6.864711067735546	7.897632500530847	1.032921432795301	5	1.0	5	N1__Mural:6.713;N2__Mural:7.129;N3__Mural:6.753	DMED1__Mural:7.907;DMED2__Mural:7.962;ED1__Mural:7.768;ED2__Mural:8.155;ED3__Mural:7.696
Mural	organic_ED_vs_normal	HSPB8	up_in_ED	1.9276254606075	5.72433598525786	0.0001551280646369	0.0412512815209784	3	5	4.164066211131726	6.056427178408872	1.8923609672771455	5	1.0	5	N1__Mural:3.843;N2__Mural:4.829;N3__Mural:3.820	DMED1__Mural:6.162;DMED2__Mural:6.805;ED1__Mural:5.666;ED2__Mural:5.893;ED3__Mural:5.756
Mural	organic_ED_vs_normal	CLSTN2	down_in_ED	-2.45398665319931	5.83569909214001	0.0001569604596259	0.0412512815209784	3	5	6.757742886926674	4.169454002020513	-2.588288884906161	5	1.0	5	N1__Mural:6.772;N2__Mural:6.094;N3__Mural:7.407	DMED1__Mural:4.859;DMED2__Mural:4.046;ED1__Mural:4.879;ED2__Mural:2.433;ED3__Mural:4.630
Mural	organic_ED_vs_normal	SLC44A2	up_in_ED	1.09476649766221	5.27645312795975	0.0001593463861277	0.0412512815209784	3	5	4.435945672335138	5.568962327992433	1.1330166556572951	5	1.0	5	N1__Mural:3.916;N2__Mural:4.752;N3__Mural:4.640	DMED1__Mural:5.493;DMED2__Mural:5.447;ED1__Mural:5.460;ED2__Mural:5.950;ED3__Mural:5.495
Mural	organic_ED_vs_normal	GBGT1	down_in_ED	-1.72404096091694	2.73905788982951	0.0001636943079391	0.0413678901063316	3	5	3.6600998649545815	2.03286895111943	-1.6272309138351515	5	1.0	5	N1__Mural:3.313;N2__Mural:3.848;N3__Mural:3.820	DMED1__Mural:1.725;DMED2__Mural:1.317;ED1__Mural:2.451;ED2__Mural:2.433;ED3__Mural:2.238
Mural	organic_ED_vs_normal	KCNJ8	down_in_ED	-1.60589442315719	4.42257975152761	0.0001870003194808	0.0448483430467299	3	5	5.220755576984515	3.6639296597995594	-1.5568259171849554	5	1.0	5	N1__Mural:5.272;N2__Mural:5.357;N3__Mural:5.033	DMED1__Mural:3.288;DMED2__Mural:2.853;ED1__Mural:3.942;ED2__Mural:4.473;ED3__Mural:3.764
Mural	organic_ED_vs_normal	SGCA	up_in_ED	0.838907937870099	6.93938874416237	0.0001903272420692	0.0448483430467299	3	5	6.32447995151752	7.185720525348839	0.8612405738313189	5	1.0	5	N1__Mural:6.105;N2__Mural:6.511;N3__Mural:6.358	DMED1__Mural:7.151;DMED2__Mural:7.188;ED1__Mural:6.957;ED2__Mural:7.367;ED3__Mural:7.266
Mural	organic_ED_vs_normal	IFI27	up_in_ED	2.10688437802503	5.12020483064391	0.0001910730926605	0.0448483430467299	3	5	3.3472633393042712	5.4832857244728554	2.1360223851685842	5	1.0	5	N1__Mural:3.512;N2__Mural:2.650;N3__Mural:3.880	DMED1__Mural:5.861;DMED2__Mural:4.708;ED1__Mural:4.853;ED2__Mural:5.978;ED3__Mural:6.016
Mural	organic_ED_vs_normal	CADM1	down_in_ED	-1.40066673244158	3.89402406722342	0.0001943681722394	0.0448483430467299	3	5	4.588056283620786	3.300050580855701	-1.2880057027650853	5	1.0	5	N1__Mural:4.441;N2__Mural:4.290;N3__Mural:5.033	DMED1__Mural:3.288;DMED2__Mural:2.766;ED1__Mural:3.416;ED2__Mural:3.787;ED3__Mural:3.243
Mural	organic_ED_vs_normal	PDGFRB	down_in_ED	-0.947834118887109	7.97723573930349	0.0002041558791689	0.0457913504244175	3	5	8.442915482212642	7.5442188844072575	-0.8986965978053849	5	1.0	5	N1__Mural:8.107;N2__Mural:8.394;N3__Mural:8.828	DMED1__Mural:7.612;DMED2__Mural:7.354;ED1__Mural:7.370;ED2__Mural:7.702;ED3__Mural:7.684
Mural	organic_ED_vs_normal	KCNA5	up_in_ED	2.13114126772717	5.69880948696344	0.000210299468229	0.0457913504244175	3	5	3.7423694033157706	6.134107044155835	2.391737640840064	5	1.0	5	N1__Mural:2.465;N2__Mural:5.005;N3__Mural:3.757	DMED1__Mural:5.782;DMED2__Mural:6.215;ED1__Mural:6.438;ED2__Mural:6.319;ED3__Mural:5.916
Mural	organic_ED_vs_normal	LDOC1	up_in_ED	1.51268898214831	5.72328399917689	0.0002164667183561	0.0457913504244175	3	5	4.507358922120922	6.045368270973435	1.5380093488525128	5	1.0	5	N1__Mural:3.916;N2__Mural:5.192;N3__Mural:4.415	DMED1__Mural:5.521;DMED2__Mural:6.179;ED1__Mural:6.053;ED2__Mural:5.922;ED3__Mural:6.553
Mural	organic_ED_vs_normal	RP3-525N10.2	down_in_ED	-2.17563766649261	1.75874137180235	0.0002263502938291	0.0457913504244175	3	5	2.941620785684392	0.7405497007842874	-2.2010710849001045	5	1.0	5	N1__Mural:3.082;N2__Mural:3.086;N3__Mural:2.657	DMED1__Mural:1.187;DMED2__Mural:0.293;ED1__Mural:-0.356;ED2__Mural:1.585;ED3__Mural:0.994
Mural	organic_ED_vs_normal	JPH4	down_in_ED	-2.305035524016	2.27025393664044	0.0002278520417784	0.0457913504244175	3	5	3.437995220209093	1.3292986314940782	-2.1086965887150146	5	1.0	5	N1__Mural:3.687;N2__Mural:3.607;N3__Mural:3.020	DMED1__Mural:0.625;DMED2__Mural:0.293;ED1__Mural:1.759;ED2__Mural:2.433;ED3__Mural:1.536
Mural	organic_ED_vs_normal	NRP1	down_in_ED	-0.905688892226481	6.26185392734867	0.0002283432038901	0.0457913504244175	3	5	6.727835660165728	5.843067925979641	-0.8847677341860871	5	1.0	5	N1__Mural:6.459;N2__Mural:7.098;N3__Mural:6.627	DMED1__Mural:6.029;DMED2__Mural:5.717;ED1__Mural:5.923;ED2__Mural:5.639;ED3__Mural:5.908
Mural	organic_ED_vs_normal	RALGPS2	down_in_ED	-1.6151135766592	3.22614990540163	0.0002294814184827	0.0457913504244175	3	5	4.074041600811019	2.564089994976526	-1.5099516058344928	5	1.0	5	N1__Mural:4.230;N2__Mural:4.235;N3__Mural:3.757	DMED1__Mural:2.164;DMED2__Mural:2.229;ED1__Mural:3.103;ED2__Mural:2.964;ED3__Mural:2.360
Mural	organic_ED_vs_normal	REM1	down_in_ED	-1.29109571827883	5.53750485844882	0.000232968995941	0.0457913504244175	3	5	6.143623083238341	4.928710148327722	-1.2149129349106191	5	1.0	5	N1__Mural:6.495;N2__Mural:6.094;N3__Mural:5.842	DMED1__Mural:5.202;DMED2__Mural:4.465;ED1__Mural:4.773;ED2__Mural:5.372;ED3__Mural:4.831
Mural	organic_ED_vs_normal	LCLAT1	up_in_ED	1.1733685669538	4.60467098280126	0.0002375462109839	0.0458420996978903	3	5	3.6900839369174734	4.868865137686637	1.1787812007691634	5	1.0	5	N1__Mural:3.202;N2__Mural:3.989;N3__Mural:3.880	DMED1__Mural:4.888;DMED2__Mural:4.829;ED1__Mural:5.092;ED2__Mural:4.690;ED3__Mural:4.845
Mural	organic_ED_vs_normal	CD44	down_in_ED	-1.36778124096295	7.62497414125131	0.0002514203017188	0.0476379047138343	3	5	8.19364863582048	6.947972728624022	-1.2456759071964587	5	1.0	5	N1__Mural:8.542;N2__Mural:8.586;N3__Mural:7.452	DMED1__Mural:7.038;DMED2__Mural:6.917;ED1__Mural:7.056;ED2__Mural:6.985;ED3__Mural:6.744
Mural	organic_ED_vs_normal	KCNT2	down_in_ED	-1.77460269335341	3.17638882037357	0.0002662931275823	0.0476379047138343	3	5	4.112026477159299	2.1367576676252233	-1.9752688095340756	5	1.0	5	N1__Mural:4.173;N2__Mural:4.344;N3__Mural:3.820	DMED1__Mural:2.676;DMED2__Mural:1.942;ED1__Mural:1.518;ED2__Mural:1.585;ED3__Mural:2.962
Mural	organic_ED_vs_normal	CASC15	down_in_ED	-1.35854210275601	3.50179131856396	0.0002665613811653	0.0476379047138343	3	5	4.238834718752657	2.8773977467540384	-1.3614369719986188	5	1.0	5	N1__Mural:4.286;N2__Mural:4.235;N3__Mural:4.196	DMED1__Mural:2.833;DMED2__Mural:2.354;ED1__Mural:2.814;ED2__Mural:2.964;ED3__Mural:3.423
Mural	organic_ED_vs_normal	TMEM59L	up_in_ED	1.60996422438265	4.87628042821395	0.0002671438185825	0.0476379047138343	3	5	3.609033609749725	5.187557420930313	1.5785238111805877	5	1.0	5	N1__Mural:3.082;N2__Mural:3.989;N3__Mural:3.757	DMED1__Mural:5.063;DMED2__Mural:4.503;ED1__Mural:5.738;ED2__Mural:5.096;ED3__Mural:5.537
Mural	organic_ED_vs_normal	MASP1	down_in_ED	-2.10573985891868	3.21571141742203	0.0002744287508477	0.0476379047138343	3	5	4.0799950263945	1.9127837849912326	-2.1672112414032676	5	1.0	5	N1__Mural:2.806;N2__Mural:4.829;N3__Mural:4.605	DMED1__Mural:2.066;DMED2__Mural:2.093;ED1__Mural:1.759;ED2__Mural:0.848;ED3__Mural:2.797
Mural	organic_ED_vs_normal	CAP2	up_in_ED	0.968226843469442	6.91297984657595	0.0002800364518395	0.0476379047138343	3	5	6.196607985468428	7.184928303806176	0.988320318337748	5	1.0	5	N1__Mural:5.976;N2__Mural:6.522;N3__Mural:6.091	DMED1__Mural:7.167;DMED2__Mural:6.985;ED1__Mural:7.211;ED2__Mural:7.572;ED3__Mural:6.989
Mural	organic_ED_vs_normal	MYOM2	up_in_ED	1.80639100962287	5.10736593204684	0.0002801540377452	0.0476379047138343	3	5	3.450055998977975	5.475208756029307	2.025152757051332	5	1.0	5	N1__Mural:2.017;N2__Mural:4.235;N3__Mural:4.098	DMED1__Mural:5.690;DMED2__Mural:5.531;ED1__Mural:5.606;ED2__Mural:5.194;ED3__Mural:5.354
Mural	organic_ED_vs_normal	PLTP	down_in_ED	-1.72086293271725	6.09619984089865	0.000282757489822	0.0476379047138343	3	5	6.85495924466753	5.082807995765192	-1.7721512489023379	5	1.0	5	N1__Mural:7.234;N2__Mural:6.687;N3__Mural:6.644	DMED1__Mural:5.275;DMED2__Mural:4.718;ED1__Mural:5.477;ED2__Mural:4.121;ED3__Mural:5.823
Mural	organic_ED_vs_normal	FGF7	down_in_ED	-1.62404365244033	7.15800704079225	0.00029079887456	0.0479554717661819	3	5	7.835565510446382	6.263103310987954	-1.5724621994584282	5	1.0	5	N1__Mural:8.229;N2__Mural:7.301;N3__Mural:7.977	DMED1__Mural:6.660;DMED2__Mural:5.464;ED1__Mural:6.183;ED2__Mural:6.109;ED3__Mural:6.899
Mural	organic_ED_vs_normal	SH3RF1	down_in_ED	-0.965472454493416	5.22922755731768	0.000296570297351	0.0479554717661819	3	5	5.734862331724963	4.806424585593601	-0.9284377461313618	5	1.0	5	N1__Mural:5.378;N2__Mural:6.030;N3__Mural:5.796	DMED1__Mural:4.586;DMED2__Mural:4.627;ED1__Mural:5.025;ED2__Mural:5.096;ED3__Mural:4.698
Mural	organic_ED_vs_normal	PHLDB1	down_in_ED	-1.01908499765298	5.78048805622408	0.0002981968283934	0.0479554717661819	3	5	6.266060651549964	5.3159923204236375	-0.9500683311263263	5	1.0	5	N1__Mural:5.738;N2__Mural:6.284;N3__Mural:6.777	DMED1__Mural:5.247;DMED2__Mural:5.294;ED1__Mural:5.390;ED2__Mural:5.330;ED3__Mural:5.319
Mural	organic_ED_vs_normal	CYP1B1	down_in_ED	-1.04484639953086	7.0212780067354	0.0003109456742916	0.0486409711866157	3	5	7.541786143648467	6.522633279359293	-1.0191528642891736	5	1.0	5	N1__Mural:7.594;N2__Mural:7.442;N3__Mural:7.589	DMED1__Mural:6.064;DMED2__Mural:6.304;ED1__Mural:6.617;ED2__Mural:6.871;ED3__Mural:6.756
Mural	organic_ED_vs_normal	ZNF395	down_in_ED	-1.17775907532458	4.23384344330604	0.0003143301796861	0.0486409711866157	3	5	4.82877913315471	3.709338309304024	-1.1194408238506863	5	1.0	5	N1__Mural:4.230;N2__Mural:5.277;N3__Mural:4.979	DMED1__Mural:3.651;DMED2__Mural:3.639;ED1__Mural:3.188;ED2__Mural:4.218;ED3__Mural:3.851
Mural	organic_ED_vs_normal	COL1A1	down_in_ED	-1.8454805684873	6.93817057678486	0.0003162075571769	0.0486409711866157	3	5	7.586274998489007	5.912677882945971	-1.6735971155430365	5	1.0	5	N1__Mural:8.126;N2__Mural:6.601;N3__Mural:8.031	DMED1__Mural:5.521;DMED2__Mural:6.329;ED1__Mural:5.935;ED2__Mural:5.567;ED3__Mural:6.211
Mural	organic_ED_vs_normal	ENTPD1	up_in_ED	1.14829420919238	5.84246669698034	0.000339046182955	0.0489504772281682	3	5	4.929698917729676	6.148355590763583	1.218656673033907	5	1.0	5	N1__Mural:5.216;N2__Mural:4.540;N3__Mural:5.033	DMED1__Mural:6.013;DMED2__Mural:6.041;ED1__Mural:6.019;ED2__Mural:6.340;ED3__Mural:6.329
Mural	organic_ED_vs_normal	RERGL	up_in_ED	1.08869233815355	10.1747093226149	0.0003393201149507	0.0489504772281682	3	5	9.354793115421842	10.477886887703875	1.1230937722820329	5	1.0	5	N1__Mural:9.179;N2__Mural:9.783;N3__Mural:9.102	DMED1__Mural:10.515;DMED2__Mural:10.036;ED1__Mural:10.353;ED2__Mural:10.798;ED3__Mural:10.687
Mural	organic_ED_vs_normal	KIAA1671	up_in_ED	1.29381480312251	4.3677811390753	0.0003403646170508	0.0489504772281682	3	5	3.3145142458237604	4.627536021520891	1.3130217756971305	5	1.0	5	N1__Mural:2.645;N2__Mural:3.607;N3__Mural:3.691	DMED1__Mural:4.457;DMED2__Mural:4.850;ED1__Mural:4.326;ED2__Mural:4.621;ED3__Mural:4.884
Mural	organic_ED_vs_normal	HABP4	up_in_ED	0.894055348576414	5.91330233790483	0.0003406552279343	0.0489504772281682	3	5	5.241022655295148	6.154554181614435	0.9135315263192867	5	1.0	5	N1__Mural:4.898;N2__Mural:5.618;N3__Mural:5.207	DMED1__Mural:6.105;DMED2__Mural:6.307;ED1__Mural:6.007;ED2__Mural:6.134;ED3__Mural:6.219
Mural	organic_ED_vs_normal	CRIP2	up_in_ED	0.893722470487493	9.11497336272856	0.000341279000837	0.0489504772281682	3	5	8.458838490094037	9.378265735846844	0.9194272457528072	5	1.0	5	N1__Mural:8.163;N2__Mural:8.581;N3__Mural:8.632	DMED1__Mural:9.520;DMED2__Mural:9.336;ED1__Mural:9.329;ED2__Mural:9.248;ED3__Mural:9.459
Mural	organic_ED_vs_normal	EPB41L4A-AS1	down_in_ED	-0.856025971367938	6.45543147669593	0.0003530757253902	0.0499672766572255	3	5	6.9020958071827545	6.0593744549264965	-0.842721352256258	5	1.0	5	N1__Mural:6.753;N2__Mural:6.951;N3__Mural:7.003	DMED1__Mural:6.171;DMED2__Mural:6.002;ED1__Mural:5.575;ED2__Mural:6.182;ED3__Mural:6.367
T_cell	diabetic_ED_vs_normal	PCP4	up_in_ED	3.53207218488555	4.26031274948057	1.29594685204772e-05	0.0401197838214589	3	2	1.741832639903329	5.144207916774704	3.402375276871375	2	1.0	2	N1__T_cell:1.568;N2__T_cell:1.581;N3__T_cell:2.077	DMED1__T_cell:4.717;DMED2__T_cell:5.572
T_cell	diabetic_ED_vs_normal	HLA-DQA2	down_in_ED	-9.01262271392592	5.27886734708482	1.38816149617206e-05	0.0401197838214589	3	2	5.759425017727239	-0.804147491088353	-6.563572508815591	2	1.0	2	N1__T_cell:6.459;N2__T_cell:4.814;N3__T_cell:6.006	DMED1__T_cell:-0.237;DMED2__T_cell:-1.371
T_cell	diabetic_ED_vs_normal	LMNA	up_in_ED	2.55702833722339	9.38326289923178	1.57902690151259e-05	0.0401197838214589	3	2	7.729490306353282	10.33432007724101	2.6048297708877284	2	1.0	2	N1__T_cell:7.908;N2__T_cell:7.383;N3__T_cell:7.897	DMED1__T_cell:10.177;DMED2__T_cell:10.491
T_cell	diabetic_ED_vs_normal	HSPB8	up_in_ED	3.25128899174706	4.41710193187206	1.94756232143004e-05	0.0401197838214589	3	2	2.3111057227388923	5.389187938730457	3.0780822159915644	2	1.0	2	N1__T_cell:2.790;N2__T_cell:2.066;N3__T_cell:2.077	DMED1__T_cell:5.740;DMED2__T_cell:5.038
